INSERT INTO profile (id, email, name, description, happenedAt, insertedAt)
VALUES
('3227114d-43c4-42ed-8aea-f3860fe42222', 'profile1@example.com', 'John Doe', 'A sample profile description', '2025-01-20T10:00:00Z', '2025-01-20T10:00:00Z'),
('aa7e8915-8034-43d9-b910-a2e3ebdb947f', 'profile2@example.com', 'Jane Smith', 'Another sample profile description', '2025-01-20T11:00:00Z', '2025-01-20T11:00:00Z'),
('a1b2c3d4-e5f6-7890-1234-56789abcdef0', 'user1@example.com', 'John Doe', 'A sample profile description', '2025-02-01T08:00:00Z', '2025-02-01T08:00:00Z'),
('b2c3d4e5-f6a7-8901-2345-6789abcdef10', 'user2@example.com', 'Jane Smith', 'Another sample profile description', '2025-02-01T08:30:00Z', '2025-02-01T08:30:00Z'),
('c3d4e5f6-a7b8-9012-3456-789abcdef230', 'user3@example.com', 'Alice Johnson', 'A sample profile description', '2025-02-01T09:00:00Z', '2025-02-01T09:00:00Z'),
('d4e5f6a7-b8c9-0123-4567-89abcdef2340', 'user4@example.com', 'Bob Brown', 'Another sample profile description', '2025-02-01T09:30:00Z', '2025-02-01T09:30:00Z'),
('e5f6a7b8-c9d0-1234-5678-9abcdef23450', 'user5@example.com', 'Emily Davis', 'A sample profile description', '2025-02-01T10:00:00Z', '2025-02-01T10:00:00Z'),
('f6a7b8c9-d0e1-2345-6789-abcdef234560', 'user6@example.com', 'Michael Wilson', 'Another sample profile description', '2025-02-01T10:30:00Z', '2025-02-01T10:30:00Z'),
('a7b8c9d0-e1f2-3456-789a-bcdef2345670', 'user7@example.com', 'John Doe', 'A sample profile description', '2025-02-01T11:00:00Z', '2025-02-01T11:00:00Z'),
('b8c9d0e1-f2a3-4567-89ab-cdef23456780', 'user8@example.com', 'Jane Smith', 'Another sample profile description', '2025-02-01T11:30:00Z', '2025-02-01T11:30:00Z'),
('c9d0e1f2-a3b4-5678-9abc-def234567890', 'user9@example.com', 'Alice Johnson', 'A sample profile description', '2025-02-01T12:00:00Z', '2025-02-01T12:00:00Z'),
('d0e1f2a3-b4c5-6789-abcd-ef2345678900', 'user10@example.com', 'Bob Brown', 'Another sample profile description', '2025-02-01T12:30:00Z', '2025-02-01T12:30:00Z'),
('e1f2a3b4-c5d6-789a-bcde-f23456789010', 'user11@example.com', 'Emily Davis', 'A sample profile description', '2025-02-01T13:00:00Z', '2025-02-01T13:00:00Z'),
('f2a3b4c5-d6e7-89ab-cdef-234567890120', 'user12@example.com', 'Michael Wilson', 'Another sample profile description', '2025-02-01T13:30:00Z', '2025-02-01T13:30:00Z'),
('a3b4c5d6-e7f8-9abc-def0-345678901230', 'user13@example.com', 'John Doe', 'A sample profile description', '2025-02-01T14:00:00Z', '2025-02-01T14:00:00Z'),
('b4c5d6e7-f8a9-bcde-f012-456789012340', 'user14@example.com', 'Jane Smith', 'Another sample profile description', '2025-02-01T14:30:00Z', '2025-02-01T14:30:00Z'),
('c5d6e7f8-a9b0-cdef-0123-567890123450', 'user15@example.com', 'Alice Johnson', 'A sample profile description', '2025-02-01T15:00:00Z', '2025-02-01T15:00:00Z'),
('d6e7f8a9-b0c1-def0-1234-678901234560', 'user16@example.com', 'Bob Brown', 'Another sample profile description', '2025-02-01T15:30:00Z', '2025-02-01T15:30:00Z'),
('e7f8a9b0-c1d2-ef01-2345-789012345670', 'user17@example.com', 'Emily Davis', 'A sample profile description', '2025-02-01T16:00:00Z', '2025-02-01T16:00:00Z'),
('f8a9b0c1-d2e3-f012-3456-890123456780', 'user18@example.com', 'Michael Wilson', 'Another sample profile description', '2025-02-01T16:30:00Z', '2025-02-01T16:30:00Z'),
('a9b0c1d2-e3f4-0123-4567-901234567890', 'user19@example.com', 'John Doe', 'A sample profile description', '2025-02-01T17:00:00Z', '2025-02-01T17:00:00Z'),
('b0c1d2e3-f4a5-1234-5678-012345678900', 'user20@example.com', 'Jane Smith', 'Another sample profile description', '2025-02-01T17:30:00Z', '2025-02-01T17:30:00Z'),
('c1d2e3f4-a5b6-2345-6789-123456789010', 'user21@example.com', 'Alice Johnson', 'A sample profile description', '2025-02-01T18:00:00Z', '2025-02-01T18:00:00Z'),
('d2e3f4a5-b6c7-3456-7890-234567890120', 'user22@example.com', 'Bob Brown', 'Another sample profile description', '2025-02-01T18:30:00Z', '2025-02-01T18:30:00Z'),
('e3f4a5b6-c7d8-4567-8901-345678901230', 'user23@example.com', 'Emily Davis', 'A sample profile description', '2025-02-01T19:00:00Z', '2025-02-01T19:00:00Z'),
('f4a5b6c7-d8e9-5678-9012-456789012340', 'user24@example.com', 'Michael Wilson', 'Another sample profile description', '2025-02-01T19:30:00Z', '2025-02-01T19:30:00Z'),
('a5b6c7d8-e9f0-6789-0123-567890123450', 'user25@example.com', 'John Doe', 'A sample profile description', '2025-02-01T20:00:00Z', '2025-02-01T20:00:00Z'),
('b6c7d8e9-f0a1-7890-1234-678901234560', 'user26@example.com', 'Jane Smith', 'Another sample profile description', '2025-02-01T20:30:00Z', '2025-02-01T20:30:00Z'),
('c7d8e9f0-a1b2-8901-2345-789012345670', 'user27@example.com', 'Alice Johnson', 'A sample profile description', '2025-02-01T21:00:00Z', '2025-02-01T21:00:00Z'),
('d8e9f0a1-b2c3-9012-3456-890123456780', 'user28@example.com', 'Bob Brown', 'Another sample profile description', '2025-02-01T21:30:00Z', '2025-02-01T21:30:00Z'),
('e9f0a1b2-c3d4-0123-4567-901234567890', 'user29@example.com', 'Emily Davis', 'A sample profile description', '2025-02-01T22:00:00Z', '2025-02-01T22:00:00Z'),
('f0a1b2c3-d4e5-1234-5678-012345678900', 'user30@example.com', 'Michael Wilson', 'Another sample profile description', '2025-02-01T22:30:00Z', '2025-02-01T22:30:00Z'),
('a1b2c3d4-e5f6-2345-6789-123456789010', 'user31@example.com', 'John Doe', 'A sample profile description', '2025-02-01T23:00:00Z', '2025-02-01T23:00:00Z'),
('b2c3d4e5-f6a7-3456-7890-234567890120', 'user32@example.com', 'Jane Smith', 'Another sample profile description', '2025-02-01T23:30:00Z', '2025-02-01T23:30:00Z'),
('c3d4e5f6-a7b8-4567-8901-345678901230', 'user33@example.com', 'Alice Johnson', 'A sample profile description', '2025-02-02T00:00:00Z', '2025-02-02T00:00:00Z'),
('d4e5f6a7-b8c9-5678-9012-456789012340', 'user34@example.com', 'Bob Brown', 'Another sample profile description', '2025-02-02T00:30:00Z', '2025-02-02T00:30:00Z'),
('e5f6a7b8-c9d0-6789-0123-567890123450', 'user35@example.com', 'Emily Davis', 'A sample profile description', '2025-02-02T01:00:00Z', '2025-02-02T01:00:00Z'),
('f6a7b8c9-d0e1-7890-1234-678901234560', 'user36@example.com', 'Michael Wilson', 'Another sample profile description', '2025-02-02T01:30:00Z', '2025-02-02T01:30:00Z'),
('a7b8c9d0-e1f2-8901-2345-789012345670', 'user37@example.com', 'John Doe', 'A sample profile description', '2025-02-02T02:00:00Z', '2025-02-02T02:00:00Z'),
('b8c9d0e1-f2a3-9012-3456-890123456780', 'user38@example.com', 'Jane Smith', 'Another sample profile description', '2025-02-02T02:30:00Z', '2025-02-02T02:30:00Z'),
('c9d0e1f2-a3b4-0123-4567-901234567890', 'user39@example.com', 'Alice Johnson', 'A sample profile description', '2025-02-02T03:00:00Z', '2025-02-02T03:00:00Z'),
('d0e1f2a3-b4c5-1234-5678-012345678900', 'user40@example.com', 'Bob Brown', 'Another sample profile description', '2025-02-02T03:30:00Z', '2025-02-02T03:30:00Z'),
('e1f2a3b4-c5d6-2345-6789-123456789010', 'user41@example.com', 'Emily Davis', 'A sample profile description', '2025-02-02T04:00:00Z', '2025-02-02T04:00:00Z'),
('f2a3b4c5-d6e7-3456-7890-234567890120', 'user42@example.com', 'Michael Wilson', 'Another sample profile description', '2025-02-02T04:30:00Z', '2025-02-02T04:30:00Z'),
('a3b4c5d6-e7f8-4567-8901-345678901230', 'user43@example.com', 'John Doe', 'A sample profile description', '2025-02-02T05:00:00Z', '2025-02-02T05:00:00Z'),
('b4c5d6e7-f8a9-5678-9012-456789012340', 'user44@example.com', 'Jane Smith', 'Another sample profile description', '2025-02-02T05:30:00Z', '2025-02-02T05:30:00Z'),
('c5d6e7f8-a9b0-6789-0123-567890123450', 'user45@example.com', 'Alice Johnson', 'A sample profile description', '2025-02-02T06:00:00Z', '2025-02-02T06:00:00Z'),
('d6e7f8a9-b0c1-7890-1234-678901234560', 'user46@example.com', 'Bob Brown', 'Another sample profile description', '2025-02-02T06:30:00Z', '2025-02-02T06:30:00Z'),
('e7f8a9b0-c1d2-8901-2345-789012345670', 'user47@example.com', 'Emily Davis', 'A sample profile description', '2025-02-02T07:00:00Z', '2025-02-02T07:00:00Z'),
('f8a9b0c1-d2e3-9012-3456-890123456780', 'user48@example.com', 'Michael Wilson', 'Another sample profile description', '2025-02-02T07:30:00Z', '2025-02-02T07:30:00Z'),
('64464418-f0eb-4df2-b77f-11a9425677c3', 'user49@example.com', 'John Doe', 'A sample profile description', '2025-02-02T08:00:00Z', '2025-02-02T08:00:00Z'),
('4fedef2f-ad8d-48a1-a260-e593920f7e83', 'user50@example.com', 'Jane Smith', 'Another sample profile description', '2025-02-02T08:30:00Z', '2025-02-02T08:30:00Z');

INSERT INTO team (id, name, description, happenedAt, insertedAt)
VALUES
-- ('b3410598-ecbc-41be-9f68-925da74bc613', 'TorontoJS', 'This is a default team', '2025-01-20T10:00:00Z', '2025-01-20T10:00:00Z'), // Added in migrations
('9a633d13-8095-48a8-9bf1-08ea40f5faa0', 'Team A', 'This is team A', '2025-01-20T10:00:00Z', '2025-01-20T10:00:00Z'),
('fc596eaf-896d-4247-a880-92ec5019d4bd', 'Team B', 'This is team B', '2025-01-20T11:00:00Z', '2025-01-20T11:00:00Z');

INSERT INTO role (id, name, description, teamId, profileId, happenedAt, insertedAt)
VALUES
('3ad040f0-2d52-43d1-a1d7-54d9560453d5', 'Developer', 'A software developer role', '9a633d13-8095-48a8-9bf1-08ea40f5faa0', '3227114d-43c4-42ed-8aea-f3860fe42222', '2025-01-20T10:00:00Z', '2025-01-20T10:00:00Z'),
('ad7a750e-1417-4b89-88f6-2e76464eed30', 'Manager', 'A team manager role', 'fc596eaf-896d-4247-a880-92ec5019d4bd', 'aa7e8915-8034-43d9-b910-a2e3ebdb947f', '2025-01-20T11:00:00Z', '2025-01-20T11:00:00Z'),
('a1b2c3d4-5678-4321-9abc-def012345678', 'Software Engineer', 'Develops software solutions', '9a633d13-8095-48a8-9bf1-08ea40f5faa0', 'aa7e8915-8034-43d9-b910-a2e3ebdb947f', '2025-01-22T08:00:00Z', '2025-01-22T08:00:00Z'),
('b2c3d4e5-6789-5432-0abc-def123456789', 'Product Manager', 'Oversees product development', '9a633d13-8095-48a8-9bf1-08ea40f5faa0', 'a1b2c3d4-e5f6-7890-1234-56789abcdef0', '2025-01-22T09:00:00Z', '2025-01-22T09:00:00Z'),
('c3d4e5f6-7890-6543-1abc-def234567890', 'Data Analyst', 'Analyzes business data', '9a633d13-8095-48a8-9bf1-08ea40f5faa0', 'b2c3d4e5-f6a7-8901-2345-6789abcdef10', '2025-01-22T10:00:00Z', '2025-01-22T10:00:00Z'),
('d4e5f6a7-8901-7654-2abc-def345678901', 'UX Designer', 'Designs user-friendly interfaces', '9a633d13-8095-48a8-9bf1-08ea40f5faa0', 'c3d4e5f6-a7b8-9012-3456-789abcdef230', '2025-01-22T11:00:00Z', '2025-01-22T11:00:00Z'),
('e5f6a7b8-9012-8765-3abc-def456789012', 'Cybersecurity Engineer', 'Secures company networks', '9a633d13-8095-48a8-9bf1-08ea40f5faa0', 'd4e5f6a7-b8c9-0123-4567-89abcdef2340', '2025-01-22T12:00:00Z', '2025-01-22T12:00:00Z'),
('f6a7b8c9-0123-9876-4abc-def567890123', 'Software Engineer', 'Develops software solutions', '9a633d13-8095-48a8-9bf1-08ea40f5faa0', 'e5f6a7b8-c9d0-1234-5678-9abcdef23450', '2025-01-22T13:00:00Z', '2025-01-22T13:00:00Z'),
('a7b8c9d0-1234-0987-5abc-def678901234', 'Product Manager', 'Oversees product development', '9a633d13-8095-48a8-9bf1-08ea40f5faa0', 'f6a7b8c9-d0e1-2345-6789-abcdef234560', '2025-01-22T14:00:00Z', '2025-01-22T14:00:00Z'),
('b8c9d0e1-2345-1098-6abc-def789012345', 'Data Analyst', 'Analyzes business data', '9a633d13-8095-48a8-9bf1-08ea40f5faa0', 'a7b8c9d0-e1f2-3456-789a-bcdef2345670', '2025-01-22T15:00:00Z', '2025-01-22T15:00:00Z'),
('c9d0e1f2-3456-2109-7abc-def890123456', 'UX Designer', 'Designs user-friendly interfaces','9a633d13-8095-48a8-9bf1-08ea40f5faa0', 'b8c9d0e1-f2a3-4567-89ab-cdef23456780', '2025-01-22T16:00:00Z', '2025-01-22T16:00:00Z'),
('d0e1f2a3-4567-3210-8abc-def901234567', 'Cybersecurity Engineer', 'Secures company networks', '9a633d13-8095-48a8-9bf1-08ea40f5faa0', 'c9d0e1f2-a3b4-5678-9abc-def234567890', '2025-01-22T17:00:00Z', '2025-01-22T17:00:00Z'),
('e1f2a3b4-5678-4321-9abc-def012345678', 'Software Engineer', 'Develops software solutions', '9a633d13-8095-48a8-9bf1-08ea40f5faa0', 'd0e1f2a3-b4c5-6789-abcd-ef2345678900', '2025-01-22T18:00:00Z', '2025-01-22T18:00:00Z'),
('f2a3b4c5-6789-5432-0abc-def123456789', 'Product Manager', 'Oversees product development', '9a633d13-8095-48a8-9bf1-08ea40f5faa0', 'e1f2a3b4-c5d6-789a-bcde-f23456789010', '2025-01-22T19:00:00Z', '2025-01-22T19:00:00Z'),
('a3b4c5d6-7890-6543-1abc-def234567890', 'Data Analyst', 'Analyzes business data', 'fc596eaf-896d-4247-a880-92ec5019d4bd', 'd2e3f4a5-b6c7-3456-7890-234567890120', '2025-01-22T20:00:00Z', '2025-01-22T20:00:00Z'),
('b4c5d6e7-8901-7654-2abc-def345678901', 'UX Designer', 'Designs user-friendly interfaces', 'fc596eaf-896d-4247-a880-92ec5019d4bd', 'e3f4a5b6-c7d8-4567-8901-345678901230', '2025-01-22T21:00:00Z', '2025-01-22T21:00:00Z'),
('c5d6e7f8-9012-8765-3abc-def456789012', 'Cybersecurity Engineer', 'Secures company networks', 'fc596eaf-896d-4247-a880-92ec5019d4bd', 'f4a5b6c7-d8e9-5678-9012-456789012340', '2025-01-22T22:00:00Z', '2025-01-22T22:00:00Z'),
('d6e7f8a9-0123-9876-4abc-def567890123', 'Software Engineer', 'Develops software solutions', 'fc596eaf-896d-4247-a880-92ec5019d4bd', 'a5b6c7d8-e9f0-6789-0123-567890123450', '2025-01-22T23:00:00Z', '2025-01-22T23:00:00Z'),
('e7f8a9b0-1234-0987-5abc-def678901234', 'Product Manager', 'Oversees product development', 'fc596eaf-896d-4247-a880-92ec5019d4bd', 'b6c7d8e9-f0a1-7890-1234-678901234560', '2025-01-23T00:00:00Z', '2025-01-23T00:00:00Z'),
('f8a9b0c1-2345-1098-6abc-def789012345', 'Data Analyst', 'Analyzes business data', 'fc596eaf-896d-4247-a880-92ec5019d4bd', 'c7d8e9f0-a1b2-8901-2345-789012345670', '2025-01-23T01:00:00Z', '2025-01-23T01:00:00Z'),
('a9b0c1d2-3456-2109-7abc-def890123456', 'UX Designer', 'Designs user-friendly interfaces', 'fc596eaf-896d-4247-a880-92ec5019d4bd', 'd8e9f0a1-b2c3-9012-3456-890123456780', '2025-01-23T02:00:00Z', '2025-01-23T02:00:00Z'),
('b0c1d2e3-4567-3210-8abc-def901234567', 'Cybersecurity Engineer', 'Secures company networks', 'fc596eaf-896d-4247-a880-92ec5019d4bd', 'e9f0a1b2-c3d4-0123-4567-901234567890', '2025-01-23T03:00:00Z', '2025-01-23T03:00:00Z'),
('c1d2e3f4-5678-4321-9abc-def012345678', 'Software Engineer', 'Develops software solutions', 'fc596eaf-896d-4247-a880-92ec5019d4bd', 'f0a1b2c3-d4e5-1234-5678-012345678900', '2025-01-23T04:00:00Z', '2025-01-23T04:00:00Z'),
('d2e3f4a5-6789-5432-0abc-def123456789', 'Product Manager', 'Oversees product development', 'fc596eaf-896d-4247-a880-92ec5019d4bd', 'a1b2c3d4-e5f6-2345-6789-123456789010', '2025-01-23T05:00:00Z', '2025-01-23T05:00:00Z'),
('e3f4a5b6-7890-6543-1abc-def234567890', 'Data Analyst', 'Analyzes business data', 'fc596eaf-896d-4247-a880-92ec5019d4bd', 'b2c3d4e5-f6a7-3456-7890-234567890120', '2025-01-23T06:00:00Z', '2025-01-23T06:00:00Z'),
('f4a5b6c7-8901-7654-2abc-def345678901', 'UX Designer', 'Designs user-friendly interfaces', 'fc596eaf-896d-4247-a880-92ec5019d4bd', 'c3d4e5f6-a7b8-4567-8901-345678901230', '2025-01-23T07:00:00Z', '2025-01-23T07:00:00Z'),
('a5b6c7d8-9012-8765-3abc-def456789012', 'Cybersecurity Engineer', 'Secures company networks', 'fc596eaf-896d-4247-a880-92ec5019d4bd', 'd4e5f6a7-b8c9-5678-9012-456789012340', '2025-01-23T08:00:00Z', '2025-01-23T08:00:00Z'),
('b6c7d8e9-0123-9876-4abc-def567890123', 'Software Engineer', 'Develops software solutions', 'fc596eaf-896d-4247-a880-92ec5019d4bd', 'e5f6a7b8-c9d0-6789-0123-567890123450', '2025-01-23T09:00:00Z', '2025-01-23T09:00:00Z'),
('c7d8e9f0-1234-0987-5abc-def678901234', 'Product Manager', 'Oversees product development', 'fc596eaf-896d-4247-a880-92ec5019d4bd', 'f6a7b8c9-d0e1-7890-1234-678901234560', '2025-01-23T10:00:00Z', '2025-01-23T10:00:00Z'),
('d8e9f0a1-2345-1098-6abc-def789012345', 'Data Analyst', 'Analyzes business data', 'fc596eaf-896d-4247-a880-92ec5019d4bd', 'a7b8c9d0-e1f2-8901-2345-789012345670', '2025-01-23T11:00:00Z', '2025-01-23T11:00:00Z'),
('e9f0a1b2-3456-2109-7abc-def890123456', 'UX Designer', 'Designs user-friendly interfaces', 'fc596eaf-896d-4247-a880-92ec5019d4bd', 'b8c9d0e1-f2a3-9012-3456-890123456780', '2025-01-23T12:00:00Z', '2025-01-23T12:00:00Z'),
('f0a1b2c3-4567-3210-8abc-def901234567', 'Cybersecurity Engineer', 'Secures company networks', 'fc596eaf-896d-4247-a880-92ec5019d4bd', 'c9d0e1f2-a3b4-0123-4567-901234567890', '2025-01-23T13:00:00Z', '2025-01-23T13:00:00Z');

INSERT INTO event_log (id, subject, subjectSource, verb, object, objectSource, happenedAt, insertedAt)
VALUES
('eda2a43f-ef85-4de6-a6dc-7cee0d9d4af7', '3227114d-43c4-42ed-8aea-f3860fe42222', 'profile', 'created', '9a633d13-8095-48a8-9bf1-08ea40f5faa0', 'team', '2025-01-20T10:00:00Z', '2025-01-20T10:00:00Z'),
('0c27ba8d-d5b8-4dad-ae0f-70cfda5429a0', 'aa7e8915-8034-43d9-b910-a2e3ebdb947f', 'profile', 'assigned', '3ad040f0-2d52-43d1-a1d7-54d9560453d5', 'role', '2025-01-20T11:00:00Z', '2025-01-20T11:00:00Z');

-- The following profiles are activated in the respective order
-- 1. profile1@example.com
-- 2. profile2@example.com
-- 3. user41@example.com
-- 4. user42@example.com
-- 5. user43@example.com
-- They all use the password 'abcd' that translates to the password hashes used below
INSERT INTO access (id, accessLevel, password, email)
VALUES
('3227114d-43c4-42ed-8aea-f3860fe42222', 'volunteer', '1shhkNv9H2WqpMfYb39FdQ==:VeEvXdAosVYB3eX/yw4UHnpHBkoOWQvOIEELto1RFxkreGtJE4+U3LD+0TVgqXnMQDSbc+hH1gIuQetfysi9cw==', 'profile1@example.com'),
('aa7e8915-8034-43d9-b910-a2e3ebdb947f', 'organizer', 'MGAmHV1tmkrtgrVRMwGC9Q==:1glo6UGrlXuhYD73SL4yGnGFSdoRzR3bl8X6H+a3kHgGNFEgkrk+/b7ob6V/XfIQ2+AalGvbpdY26IIMeXcnZA==', 'profile2@example.com'),
('e1f2a3b4-c5d6-2345-6789-123456789010', 'volunteer', 'MGAmHV1tmkrtgrVRMwGC9Q==:1glo6UGrlXuhYD73SL4yGnGFSdoRzR3bl8X6H+a3kHgGNFEgkrk+/b7ob6V/XfIQ2+AalGvbpdY26IIMeXcnZA==', 'user41@example.com'),
('f2a3b4c5-d6e7-3456-7890-234567890120', 'volunteer', 'MGAmHV1tmkrtgrVRMwGC9Q==:1glo6UGrlXuhYD73SL4yGnGFSdoRzR3bl8X6H+a3kHgGNFEgkrk+/b7ob6V/XfIQ2+AalGvbpdY26IIMeXcnZA==', 'user42@example.com'),
('a3b4c5d6-e7f8-4567-8901-345678901230', 'volunteer', 'MGAmHV1tmkrtgrVRMwGC9Q==:1glo6UGrlXuhYD73SL4yGnGFSdoRzR3bl8X6H+a3kHgGNFEgkrk+/b7ob6V/XfIQ2+AalGvbpdY26IIMeXcnZA==', 'user43@example.com');

UPDATE profile SET activatedAt = CASE id
	WHEN '3227114d-43c4-42ed-8aea-f3860fe42222' THEN '2025-01-20T10:05:00Z'
	WHEN 'aa7e8915-8034-43d9-b910-a2e3ebdb947f' THEN '2025-01-20T11:10:00Z'
	WHEN 'e1f2a3b4-c5d6-2345-6789-123456789010' THEN '2025-02-02T04:10:00Z'
	WHEN 'f2a3b4c5-d6e7-3456-7890-234567890120' THEN '2025-02-02T04:35:00Z'
	WHEN 'a3b4c5d6-e7f8-4567-8901-345678901230' THEN '2025-02-02T05:03:00Z'
END
WHERE id IN ('3227114d-43c4-42ed-8aea-f3860fe42222', 'aa7e8915-8034-43d9-b910-a2e3ebdb947f', 'e1f2a3b4-c5d6-2345-6789-123456789010', 'f2a3b4c5-d6e7-3456-7890-234567890120', 'a3b4c5d6-e7f8-4567-8901-345678901230');
